{
  "created_at": "Sat Nov 11 07:32:00 +0000 2017",
  "id": 9.2925034129154e+17,
  "id_str": "929250341291544576",
  "text": "@DjCalyte aka #TheAudioArchitect \"In Da Lab Mixshow\" live 7:30pm Thursdays on https:\/\/t.co\/ussHoMaWXp #SupremeDjs\u2026 https:\/\/t.co\/xvZgqcvvsT",
  "display_text_range": [
    0,
    140
  ],
  "source": "<a href=\"http:\/\/twitter.com\" rel=\"nofollow\">Twitter Web Client<\/a>",
  "truncated": true,
  "in_reply_to_status_id": null,
  "in_reply_to_status_id_str": null,
  "in_reply_to_user_id": 554708025,
  "in_reply_to_user_id_str": "554708025",
  "in_reply_to_screen_name": "djcalyte",
  "user": {
    "id": 19413611,
    "id_str": "19413611",
    "name": "DjTito",
    "screen_name": "djtito",
    "location": "Florida PR NY CA TX VA MD",
    "url": "http:\/\/www.djtito.com",
    "description": "The Official DjTito Since 1995 - http:\/\/www.cacoteo.com Reggaeton de Barrio y Marquesina, Hiphop con liriqueo, Reggae-former Wu-Tang Latino #Loiza #California",
    "translator_type": "regular",
    "protected": false,
    "verified": false,
    "followers_count": 60854,
    "friends_count": 23030,
    "listed_count": 450,
    "favourites_count": 12483,
    "statuses_count": 246358,
    "created_at": "Fri Jan 23 20:57:55 +0000 2009",
    "utc_offset": -18000,
    "time_zone": "Eastern Time (US & Canada)",
    "geo_enabled": false,
    "lang": "en",
    "contributors_enabled": false,
    "is_translator": false,
    "profile_background_color": "A6A6A6",
    "profile_background_image_url": "http:\/\/pbs.twimg.com\/profile_background_images\/174588268\/twitterbg.jpg",
    "profile_background_image_url_https": "https:\/\/pbs.twimg.com\/profile_background_images\/174588268\/twitterbg.jpg",
    "profile_background_tile": false,
    "profile_link_color": "405444",
    "profile_sidebar_border_color": "7E807C",
    "profile_sidebar_fill_color": "000000",
    "profile_text_color": "7A7A7A",
    "profile_use_background_image": true,
    "profile_image_url": "http:\/\/pbs.twimg.com\/profile_images\/858142226869882880\/yj8sAK0r_normal.jpg",
    "profile_image_url_https": "https:\/\/pbs.twimg.com\/profile_images\/858142226869882880\/yj8sAK0r_normal.jpg",
    "profile_banner_url": "https:\/\/pbs.twimg.com\/profile_banners\/19413611\/1451746901",
    "default_profile": false,
    "default_profile_image": false,
    "following": null,
    "follow_request_sent": null,
    "notifications": null
  },
  "geo": null,
  "coordinates": null,
  "place": null,
  "contributors": null,
  "is_quote_status": false,
  "extended_tweet": {
    "full_text": "@DjCalyte aka #TheAudioArchitect \"In Da Lab Mixshow\" live 7:30pm Thursdays on https:\/\/t.co\/ussHoMaWXp #SupremeDjs #SenateDjs #TeamCacoteo https:\/\/t.co\/KPv7ClQ0nv",
    "display_text_range": [
      0,
      138
    ],
    "entities": {
      "hashtags": [
        {
          "text": "TheAudioArchitect",
          "indices": [
            14,
            32
          ]
        },
        {
          "text": "SupremeDjs",
          "indices": [
            103,
            114
          ]
        },
        {
          "text": "SenateDjs",
          "indices": [
            115,
            125
          ]
        },
        {
          "text": "TeamCacoteo",
          "indices": [
            126,
            138
          ]
        }
      ],
      "urls": [
        {
          "url": "https:\/\/t.co\/ussHoMaWXp",
          "expanded_url": "http:\/\/www.CacoteoRadio.com",
          "display_url": "CacoteoRadio.com",
          "indices": [
            79,
            102
          ]
        }
      ],
      "user_mentions": [
        {
          "screen_name": "djcalyte",
          "name": "DJ CALYTE\u2122 (ca-leet)",
          "id": 554708025,
          "id_str": "554708025",
          "indices": [
            0,
            9
          ]
        }
      ],
      "symbols": [

      ],
      "media": [
        {
          "id": 9.2925031430112e+17,
          "id_str": "929250314301116416",
          "indices": [
            139,
            162
          ],
          "media_url": "http:\/\/pbs.twimg.com\/media\/DOVcPMtWkAAz-MM.jpg",
          "media_url_https": "https:\/\/pbs.twimg.com\/media\/DOVcPMtWkAAz-MM.jpg",
          "url": "https:\/\/t.co\/KPv7ClQ0nv",
          "display_url": "pic.twitter.com\/KPv7ClQ0nv",
          "expanded_url": "https:\/\/twitter.com\/djtito\/status\/929250341291544576\/photo\/1",
          "type": "photo",
          "sizes": {
            "small": {
              "w": 600,
              "h": 600,
              "resize": "fit"
            },
            "thumb": {
              "w": 150,
              "h": 150,
              "resize": "crop"
            },
            "medium": {
              "w": 600,
              "h": 600,
              "resize": "fit"
            },
            "large": {
              "w": 600,
              "h": 600,
              "resize": "fit"
            }
          }
        }
      ]
    },
    "extended_entities": {
      "media": [
        {
          "id": 9.2925031430112e+17,
          "id_str": "929250314301116416",
          "indices": [
            139,
            162
          ],
          "media_url": "http:\/\/pbs.twimg.com\/media\/DOVcPMtWkAAz-MM.jpg",
          "media_url_https": "https:\/\/pbs.twimg.com\/media\/DOVcPMtWkAAz-MM.jpg",
          "url": "https:\/\/t.co\/KPv7ClQ0nv",
          "display_url": "pic.twitter.com\/KPv7ClQ0nv",
          "expanded_url": "https:\/\/twitter.com\/djtito\/status\/929250341291544576\/photo\/1",
          "type": "photo",
          "sizes": {
            "small": {
              "w": 600,
              "h": 600,
              "resize": "fit"
            },
            "thumb": {
              "w": 150,
              "h": 150,
              "resize": "crop"
            },
            "medium": {
              "w": 600,
              "h": 600,
              "resize": "fit"
            },
            "large": {
              "w": 600,
              "h": 600,
              "resize": "fit"
            }
          }
        }
      ]
    }
  },
  "quote_count": 0,
  "reply_count": 0,
  "retweet_count": 0,
  "favorite_count": 0,
  "entities": {
    "hashtags": [
      {
        "text": "TheAudioArchitect",
        "indices": [
          14,
          32
        ]
      },
      {
        "text": "SupremeDjs",
        "indices": [
          103,
          114
        ]
      }
    ],
    "urls": [
      {
        "url": "https:\/\/t.co\/ussHoMaWXp",
        "expanded_url": "http:\/\/www.CacoteoRadio.com",
        "display_url": "CacoteoRadio.com",
        "indices": [
          79,
          102
        ]
      },
      {
        "url": "https:\/\/t.co\/xvZgqcvvsT",
        "expanded_url": "https:\/\/twitter.com\/i\/web\/status\/929250341291544576",
        "display_url": "twitter.com\/i\/web\/status\/9\u2026",
        "indices": [
          116,
          139
        ]
      }
    ],
    "user_mentions": [
      {
        "screen_name": "djcalyte",
        "name": "DJ CALYTE\u2122 (ca-leet)",
        "id": 554708025,
        "id_str": "554708025",
        "indices": [
          0,
          9
        ]
      }
    ],
    "symbols": [

    ]
  },
  "favorited": false,
  "retweeted": false,
  "possibly_sensitive": false,
  "filter_level": "low",
  "lang": "en",
  "timestamp_ms": "1510385520657"
}
